<?xml version="1.0" encoding="UTF-8"?>
<beans xmlns="http://www.springframework.org/schema/beans"
       xmlns:xsi="http://www.w3.org/2001/XMLSchema-instance"
       xmlns:security="http://www.springframework.org/schema/security"
       xsi:schemaLocation="http://www.springframework.org/schema/beans http://www.springframework.org/schema/beans/spring-beans.xsd http://www.springframework.org/schema/security https://www.springframework.org/schema/security/spring-security.xsd">

    <bean id="passwordEncoder" class="org.springframework.security.crypto.bcrypt.BCryptPasswordEncoder"/>

    <!-- 어떤 경로에 들어왔을 때 어떻게 처리할것 이라는 설정 -->
    <security:http>
        <security:form-login/>
    </security:http>

    <!-- 사용자 설정 (나중에는 당연히 DB 사용, 지금은 확인용) -->
    <security:authentication-manager>
        <security:authentication-provider>

        </security:authentication-provider>
    </security:authentication-manager>
</beans>