<?xml version="1.0" encoding="UTF-8"?>
<!DOCTYPE mapper
        PUBLIC "-//mybatis.org//DTD Mapper 3.0//EN"
        "https://mybatis.org/dtd/mybatis-3-mapper.dtd">

<mapper namespace="org.soomgo.soomgo_project.mappers.user.EmailVerificationTokenMapper">

    <!-- 토큰으로 이메일 인증 정보 찾기 -->
    <select id="findByToken" parameterType="string" resultType="org.soomgo.soomgo_project.domain.user.EmailVerificationTokenDTO">
        SELECT * FROM email_verification WHERE verification_token = #{verification_token}
    </select>

    <!-- user_num으로 이메일 인증 정보 찾기 -->
    <select id="findByUserNum" parameterType="int" resultType="org.soomgo.soomgo_project.domain.user.EmailVerificationTokenDTO">
        SELECT * FROM email_verification
        WHERE user_num = #{user_num}
        ORDER BY created DESC
        LIMIT 1
    </select>

    <!-- 이메일 인증코드 저장 -->
    <insert id="save" parameterType="org.soomgo.soomgo_project.domain.user.EmailVerificationTokenDTO">
        INSERT INTO email_verification (user_num, verification_token, created, expires)
        VALUES (#{user_num}, #{verification_token}, NOW(), #{expires})
    </insert>

    <!-- 이메일 인증 정보 업데이트 -->
    <update id="updateToken" parameterType="org.soomgo.soomgo_project.domain.user.EmailVerificationTokenDTO">
        UPDATE email_verification
        SET verification_token = #{verification_token},
        expires = #{expires},
        created = NOW()
        WHERE verification_id = #{verification_id}
    </update>

</mapper>
