<?xml version="1.0" encoding="UTF-8" ?>
<!DOCTYPE mapper
        PUBLIC "-//mybatis.org//DTD Mapper 3.0//EN"
        "https://mybatis.org/dtd/mybatis-3-mapper.dtd">
<mapper namespace="org.soomgo.soomgo_project.mappers.user.UserMapper">

    <select id="findByEmailAndPassword" parameterType="map" resultType="org.soomgo.soomgo_project.domain.user.UserDTO">
        SELECT *  FROM user WHERE user_email = #{email} AND user_password = #{password}
    </select>

    <select id="findUserProfileByUserNum" parameterType="int" resultType="org.soomgo.soomgo_project.domain.user.UserProfileDTO">
        SELECT * FROM user_profile WHERE user_num = #{user_num}
    </select>

    <update id="updateUserProfile" parameterType="org.soomgo.soomgo_project.domain.user.UserProfileDTO">
        UPDATE user_profile
        SET
        user_nickname = #{user_nickname},
        profile_img = #{profile_img}
        WHERE user_num = #{user_num}
    </update>

    <select id="checkDuplEmail" parameterType="string" resultType="int">
        SELECT COUNT(*)
        FROM   USER
        WHERE  user_email = #{email}
    </select>

    <!-- 사용자 이메일과 비밀번호로 사용자 정보 조회 -->
    <select id="findByEmail" parameterType="map" resultType="org.soomgo.soomgo_project.domain.user.UserDTO">
        SELECT * FROM user WHERE user_email = #{email}
    </select>

    <!-- 회원정보 저장 -->
    <insert id="insertUserInfo" parameterType="org.soomgo.soomgo_project.domain.user.UserDTO" useGeneratedKeys="true" keyProperty="user_num">
        INSERT INTO user (user_num, user_email, user_password, user_name, user_phonenum, user_type, user_sex, create_at)
        VALUES (#{user_num}, #{user_email}, #{user_password}, #{user_name}, #{user_phonenum}, #{user_type}, #{user_sex}, NOW())
    </insert>

    <!-- 사용자 정보 조회 -->
    <select id="findUserByEmail" parameterType="string" resultType="org.soomgo.soomgo_project.domain.user.UserDTO">
        SELECT * FROM user WHERE user_email = #{user_email}
    </select>

    <!-- 이름과 비밀번호로 사용자 조회 -->
    <select id="findUserByNameAndPhoneNumber" parameterType="map" resultType="org.soomgo.soomgo_project.domain.user.UserDTO">
        SELECT * FROM user
        WHERE user_name = #{name}
        AND user_phonenum = #{phoneNumber}
    </select>

    <!-- 비밀번호 업데이트-->
    <update id="updatePassword" parameterType="map">
        UPDATE user
        SET user_password = #{user_password}
        WHERE user_num = #{user_num}
    </update>

    <select id="searchPhone" parameterType="String" resultType="Integer">
        SELECT COUNT(*) FROM user WHERE user_phonenum = #{phone}
    </select>


</mapper>
